{"schemaVersion":"1.0","appDefinitionTemplate":{"id":"/providers/Microsoft.PowerApps/apps/","type":"Microsoft.PowerApps/apps","tags":{"primaryDeviceWidth":"1366","primaryDeviceHeight":"768","sienaVersion":"20200812T002308Z-3.20074.20.0","deviceCapabilities":"","supportsPortrait":"false","supportsLandscape":"true","primaryFormFactor":"Tablet","publisherVersion":"3.20074.20","minimumRequiredApiVersion":"2.2.0","hasComponent":"false","hasUnlockedComponent":"false","isUnifiedRootApp":"false"},"properties":{"appVersion":"2020-08-12T00:23:08Z","lifeCycleId":"Published","createdByClientVersion":{"major":3,"minor":20074,"build":20,"revision":0,"majorRevision":0,"minorRevision":0},"minClientVersion":{"major":3,"minor":20074,"build":20,"revision":0,"majorRevision":0,"minorRevision":0},"backgroundColor":"rgba(0, 176, 240, 1)","backgroundImageUri":"/2442507701082175272/Ncac5a415-027b-46ca-8928-cfb6c48fb350-logoSmallFile","displayName":"Attachment Component","description":"","commitMessage":"","appUris":{"documentUri":{"value":"/2442507701082175272/N2a578dd6-8309-4d0f-a620-7c242f33295d-document.msapp","readonlyValue":"/2442507701082175272/N2a578dd6-8309-4d0f-a620-7c242f33295d-document.msapp"},"imageUris":[]},"createdTime":"0001-01-01T00:00:00Z","lastModifiedTime":"0001-01-01T00:00:00Z","sharedGroupsCount":0,"sharedUsersCount":0,"icons":{"smallIconUri":"/2442507701082175272/Nf9382253-0e91-4a89-9d96-fa8c816d8cd0-small.png","mediumIconUri":"/2442507701082175272/N8c747a32-5e43-42f2-ad99-d5e4aa97fbf0-medium.png","largeIconUri":"/2442507701082175272/N757e5ad6-8d0f-4096-aada-bb9f994722c2-large.png","wideIconUri":"/2442507701082175272/N788480f1-2d9a-4c6a-80c9-5dd45d506806-wide.png"},"connectionReferences":{},"databaseReferences":{},"almMode":"Environment","performanceOptimizationEnabled":true,"canConsumeAppPass":true},"isAppComponentLibrary":false,"appType":"ClassicCanvasApp","appComponents":[]}}